{
  "with_coherence": {
    "condition_name": "with_coherence",
    "config": {
      "random_win": false,
      "freeze_win_after_task0": true,
      "coherence_acceptance_threshold": 0.95,
      "learning_rule": "hebbian",
      "sgd_lr": 0.01,
      "plasticity_rate": 0.5
    },
    "n_trials": 5,
    "avg_accuracy": {
      "mean": 0.7456158250591824,
      "std": 0.07077465057139284,
      "values": [
        0.7123690022654694,
        0.8182238356724312,
        0.6803758423334967,
        0.8424506038734461,
        0.674659841151069
      ]
    },
    "forgetting": {
      "mean": 0.00013036424785102253,
      "std": 0.0002607284957020451,
      "values": [
        0.0,
        0.0006518212392551126,
        0.0,
        0.0,
        0.0
      ]
    },
    "training_time": {
      "mean": 32.808203554153444,
      "std": 0.4972699553304537
    },
    "flops": {
      "mean": 201109089280.0,
      "std": 0.0
    },
    "trial_results": [
      {
        "accuracy_matrix": [
          [
            0.9929078014184397,
            0.0,
            0.0,
            0.0,
            0.0
          ],
          [
            0.9929078014184397,
            0.5504407443682664,
            0.0,
            0.0,
            0.0
          ],
          [
            0.9929078014184397,
            0.5504407443682664,
            0.740128068303095,
            0.0,
            0.0
          ],
          [
            0.9929078014184397,
            0.5504407443682664,
            0.740128068303095,
            0.6651560926485398,
            0.0
          ],
          [
            0.9929078014184397,
            0.5504407443682664,
            0.740128068303095,
            0.6651560926485398,
            0.6132123045890066
          ]
        ],
        "avg_accuracy": 0.7123690022654694,
        "forgetting": 0.0,
        "training_time": 32.383399963378906,
        "flops": 201109089280
      },
      {
        "accuracy_matrix": [
          [
            0.8283687943262411,
            0.0,
            0.0,
            0.0,
            0.0
          ],
          [
            0.8283687943262411,
            0.8540646425073457,
            0.0,
            0.0,
            0.0
          ],
          [
            0.8260047281323877,
            0.8545543584720862,
            0.8639274279615795,
            0.0,
            0.0
          ],
          [
            0.8274231678486997,
            0.8540646425073457,
            0.8633938100320171,
            0.8580060422960725,
            0.0
          ],
          [
            0.8278959810874704,
            0.8540646425073457,
            0.8617929562433297,
            0.8580060422960725,
            0.6893595562279374
          ]
        ],
        "avg_accuracy": 0.8182238356724312,
        "forgetting": 0.0006518212392551126,
        "training_time": 32.200284481048584,
        "flops": 201109089280
      },
      {
        "accuracy_matrix": [
          [
            0.9929078014184397,
            0.0,
            0.0,
            0.0,
            0.0
          ],
          [
            0.9929078014184397,
            0.5430950048971597,
            0.0,
            0.0,
            0.0
          ],
          [
            0.9929078014184397,
            0.5430950048971597,
            0.5875133404482391,
            0.0,
            0.0
          ],
          [
            0.9929078014184397,
            0.5430950048971597,
            0.5875133404482391,
            0.6686807653575025,
            0.0
          ],
          [
            0.9929078014184397,
            0.5430950048971597,
            0.5875133404482391,
            0.6686807653575025,
            0.6096822995461422
          ]
        ],
        "avg_accuracy": 0.6803758423334967,
        "forgetting": 0.0,
        "training_time": 32.95321583747864,
        "flops": 201109089280
      },
      {
        "accuracy_matrix": [
          [
            0.808983451536643,
            0.0,
            0.0,
            0.0,
            0.0
          ],
          [
            0.8094562647754137,
            0.8266405484818805,
            0.0,
            0.0,
            0.0
          ],
          [
            0.8099290780141843,
            0.8266405484818805,
            0.8810032017075774,
            0.0,
            0.0
          ],
          [
            0.8080378250591016,
            0.8246816846229187,
            0.8831376734258272,
            0.8967774420946626,
            0.0
          ],
          [
            0.808983451536643,
            0.8266405484818805,
            0.8820704375667022,
            0.8967774420946626,
            0.7977811396873424
          ]
        ],
        "avg_accuracy": 0.8424506038734461,
        "forgetting": 0.0,
        "training_time": 32.88373827934265,
        "flops": 201109089280
      },
      {
        "accuracy_matrix": [
          [
            0.9929078014184397,
            0.0,
            0.0,
            0.0,
            0.0
          ],
          [
            0.9929078014184397,
            0.47600391772771794,
            0.0,
            0.0,
            0.0
          ],
          [
            0.9929078014184397,
            0.47600391772771794,
            0.7283884738527214,
            0.0,
            0.0
          ],
          [
            0.9929078014184397,
            0.47600391772771794,
            0.7283884738527214,
            0.6646525679758308,
            0.0
          ],
          [
            0.9929078014184397,
            0.47600391772771794,
            0.7283884738527214,
            0.6646525679758308,
            0.5113464447806354
          ]
        ],
        "avg_accuracy": 0.674659841151069,
        "forgetting": 0.0,
        "training_time": 33.62037920951843,
        "flops": 201109089280
      }
    ]
  },
  "without_coherence": {
    "condition_name": "without_coherence",
    "config": {
      "random_win": false,
      "freeze_win_after_task0": true,
      "coherence_acceptance_threshold": 0.0,
      "learning_rule": "hebbian",
      "sgd_lr": 0.01,
      "plasticity_rate": 0.5
    },
    "n_trials": 5,
    "avg_accuracy": {
      "mean": 0.6547646696230929,
      "std": 0.03597826930622727,
      "values": [
        0.7105439906514863,
        0.6144181325127566,
        0.654661761709509,
        0.6186788725471246,
        0.6755205906945876
      ]
    },
    "forgetting": {
      "mean": 0.0,
      "std": 0.0,
      "values": [
        0.0,
        0.0,
        0.0,
        0.0,
        0.0
      ]
    },
    "training_time": {
      "mean": 33.510537672042844,
      "std": 0.7928647833662387
    },
    "flops": {
      "mean": 201109089280.0,
      "std": 0.0
    },
    "trial_results": [
      {
        "accuracy_matrix": [
          [
            0.9929078014184397,
            0.0,
            0.0,
            0.0,
            0.0
          ],
          [
            0.9929078014184397,
            0.5421155729676788,
            0.0,
            0.0,
            0.0
          ],
          [
            0.9929078014184397,
            0.5421155729676788,
            0.7347918890074706,
            0.0,
            0.0
          ],
          [
            0.9929078014184397,
            0.5421155729676788,
            0.7347918890074706,
            0.6666666666666666,
            0.0
          ],
          [
            0.9929078014184397,
            0.5421155729676788,
            0.7347918890074706,
            0.6666666666666666,
            0.616238023197176
          ]
        ],
        "avg_accuracy": 0.7105439906514863,
        "forgetting": 0.0,
        "training_time": 32.35038709640503,