{
  "learned_freeze": {
    "condition_name": "learned_freeze",
    "config": {
      "random_win": false,
      "freeze_win_after_task0": true,
      "coherence_acceptance_threshold": 0.95,
      "learning_rule": "hebbian",
      "sgd_lr": 0.01,
      "plasticity_rate": 0.5
    },
    "n_trials": 5,
    "avg_accuracy": {
      "mean": 0.7456158250591824,
      "std": 0.07077465057139284,
      "values": [
        0.7123690022654694,
        0.8182238356724312,
        0.6803758423334967,
        0.8424506038734461,
        0.674659841151069
      ]
    },
    "forgetting": {
      "mean": 0.00013036424785102253,
      "std": 0.0002607284957020451,
      "values": [
        0.0,
        0.0006518212392551126,
        0.0,
        0.0,
        0.0
      ]
    },
    "training_time": {
      "mean": 32.19999389648437,
      "std": 0.7005317046338296
    },
    "flops": {
      "mean": 201109089280.0,
      "std": 0.0
    },
    "trial_results": [
      {
        "accuracy_matrix": [
          [
            0.9929078014184397,
            0.0,
            0.0,
            0.0,
            0.0
          ],
          [
            0.9929078014184397,
            0.5504407443682664,
            0.0,
            0.0,
            0.0
          ],
          [
            0.9929078014184397,
            0.5504407443682664,
            0.740128068303095,
            0.0,
            0.0
          ],
          [
            0.9929078014184397,
            0.5504407443682664,
            0.740128068303095,
            0.6651560926485398,
            0.0
          ],
          [
            0.9929078014184397,
            0.5504407443682664,
            0.740128068303095,
            0.6651560926485398,
            0.6132123045890066
          ]
        ],
        "avg_accuracy": 0.7123690022654694,
        "forgetting": 0.0,
        "training_time": 32.504656076431274,
        "flops": 201109089280
      },
      {
        "accuracy_matrix": [
          [
            0.8283687943262411,
            0.0,
            0.0,
            0.0,
            0.0
          ],
          [
            0.8283687943262411,
            0.8540646425073457,
            0.0,
            0.0,
            0.0
          ],
          [
            0.8260047281323877,
            0.8545543584720862,
            0.8639274279615795,
            0.0,
            0.0
          ],
          [
            0.8274231678486997,
            0.8540646425073457,
            0.8633938100320171,
            0.8580060422960725,
            0.0
          ],
          [
            0.8278959810874704,
            0.8540646425073457,
            0.8617929562433297,
            0.8580060422960725,
            0.6893595562279374
          ]
        ],
        "avg_accuracy": 0.8182238356724312,
        "forgetting": 0.0006518212392551126,
        "training_time": 33.3101487159729,
        "flops": 201109089280
      },
      {
        "accuracy_matrix": [
          [
            0.9929078014184397,
            0.0,
            0.0,
            0.0,
            0.0
          ],
          [
            0.9929078014184397,
            0.5430950048971597,
            0.0,
            0.0,
            0.0
          ],
          [
            0.9929078014184397,
            0.5430950048971597,
            0.5875133404482391,
            0.0,
            0.0
          ],
          [
            0.9929078014184397,
            0.5430950048971597,
            0.5875133404482391,
            0.6686807653575025,
            0.0
          ],
          [
            0.9929078014184397,
            0.5430950048971597,
            0.5875133404482391,
            0.6686807653575025,
            0.6096822995461422
          ]
        ],
        "avg_accuracy": 0.6803758423334967,
        "forgetting": 0.0,
        "training_time": 31.191494703292847,
        "flops": 201109089280
      },
      {
        "accuracy_matrix": [
          [
            0.808983451536643,
            0.0,
            0.0,
            0.0,
            0.0
          ],
          [
            0.8094562647754137,
            0.8266405484818805,
            0.0,
            0.0,
            0.0
          ],
          [
            0.8099290780141843,
            0.8266405484818805,
            0.8810032017075774,
            0.0,
            0.0
          ],
          [
            0.8080378250591016,
            0.8246816846229187,
            0.8831376734258272,
            0.8967774420946626,
            0.0
          ],
          [
            0.808983451536643,
            0.8266405484818805,
            0.8820704375667022,
            0.8967774420946626,
            0.7977811396873424
          ]
        ],
        "avg_accuracy": 0.8424506038734461,
        "forgetting": 0.0,
        "training_time": 32.11692428588867,
        "flops": 201109089280
      },
      {
        "accuracy_matrix": [
          [
            0.9929078014184397,
            0.0,
            0.0,
            0.0,
            0.0
          ],
          [
            0.9929078014184397,
            0.47600391772771794,
            0.0,
            0.0,
            0.0
          ],
          [
            0.9929078014184397,
            0.47600391772771794,
            0.7283884738527214,
            0.0,
            0.0
          ],
          [
            0.9929078014184397,
            0.47600391772771794,
            0.7283884738527214,
            0.6646525679758308,
            0.0
          ],
          [
            0.9929078014184397,
            0.47600391772771794,
            0.7283884738527214,
            0.6646525679758308,
            0.5113464447806354
          ]
        ],
        "avg_accuracy": 0.674659841151069,
        "forgetting": 0.0,
        "training_time": 31.87674570083618,
        "flops": 201109089280
      }
    ]
  },
  "random_freeze": {
    "condition_name": "random_freeze",
    "config": {
      "random_win": true,
      "freeze_win_after_task0": true,
      "coherence_acceptance_threshold": 0.95,
      "learning_rule": "hebbian",
      "sgd_lr": 0.01,
      "plasticity_rate": 0.5
    },
    "n_trials": 5,
    "avg_accuracy": {
      "mean": 0.9012665842450345,
      "std": 0.009131896012232075,
      "values": [
        0.9016149561331716,
        0.918324755399303,
        0.8936992224601317,
        0.8995238906478,
        0.8931700965847655
      ]
    },
    "forgetting": {
      "mean": 0.0004202253867553296,
      "std": 0.0003212615507338672,
      "values": [
        0.0008581346017869917,
        0.0006519757835262985,
        0.00011820330969267157,
        0.00047281323877068626,
        0.0
      ]
    },
    "training_time": {
      "mean": 27.09109683036804,
      "std": 0.5231251144884346
    },
    "flops": {
      "mean": 196245729280.0,
      "std": 0.0
    },
    "trial_results": [
      {
        "accuracy_matrix": [
          [
            0.9810874704491725,
            0.0,
            0.0,
            0.0,
            0.0
          ],
          [
            0.9810874704491725,
            0.8153770812928501,
            0.0,
            0.0,
            0.0
          ],
          [
            0.9801418439716312,
            0.8158667972575906,
            0.8772678762006404,
            0.0,
            0.0
          ],
          [
            0.9806146572104019,
            0.8143976493633692,
            0.8767342582710779,
            0.946122860020141,
            0.0
          ],
          [
            0.9796690307328605,
            0.8168462291870715,
            0.87940234791889,
            0.9441087613293051,
            0.8880484114977307
          ]
        ],
        "avg_accuracy": 0.9016149561331716,
        "forgetting": 0.0008581346017869917,
        "training_time": 26.22049593925476,