{
  "hebbian": {
    "condition_name": "hebbian",
    "config": {
      "random_win": false,
      "freeze_win_after_task0": true,
      "coherence_acceptance_threshold": 0.95,
      "learning_rule": "hebbian",
      "sgd_lr": 0.01,
      "plasticity_rate": 0.5
    },
    "n_trials": 5,
    "avg_accuracy": {
      "mean": 0.7456158250591824,
      "std": 0.07077465057139284,
      "values": [
        0.7123690022654694,
        0.8182238356724312,
        0.6803758423334967,
        0.8424506038734461,
        0.674659841151069
      ]
    },
    "forgetting": {
      "mean": 0.00013036424785102253,
      "std": 0.0002607284957020451,
      "values": [
        0.0,
        0.0006518212392551126,
        0.0,
        0.0,
        0.0
      ]
    },
    "training_time": {
      "mean": 33.20892734527588,
      "std": 0.36189770169574764
    },
    "flops": {
      "mean": 201109089280.0,
      "std": 0.0
    },
    "trial_results": [
      {
        "accuracy_matrix": [
          [
            0.9929078014184397,
            0.0,
            0.0,
            0.0,
            0.0
          ],
          [
            0.9929078014184397,
            0.5504407443682664,
            0.0,
            0.0,
            0.0
          ],
          [
            0.9929078014184397,
            0.5504407443682664,
            0.740128068303095,
            0.0,
            0.0
          ],
          [
            0.9929078014184397,
            0.5504407443682664,
            0.740128068303095,
            0.6651560926485398,
            0.0
          ],
          [
            0.9929078014184397,
            0.5504407443682664,
            0.740128068303095,
            0.6651560926485398,
            0.6132123045890066
          ]
        ],
        "avg_accuracy": 0.7123690022654694,
        "forgetting": 0.0,
        "training_time": 32.9677209854126,
        "flops": 201109089280
      },
      {
        "accuracy_matrix": [
          [
            0.8283687943262411,
            0.0,
            0.0,
            0.0,
            0.0
          ],
          [
            0.8283687943262411,
            0.8540646425073457,
            0.0,
            0.0,
            0.0
          ],
          [
            0.8260047281323877,
            0.8545543584720862,
            0.8639274279615795,
            0.0,
            0.0
          ],
          [
            0.8274231678486997,
            0.8540646425073457,
            0.8633938100320171,
            0.8580060422960725,
            0.0
          ],
          [
            0.8278959810874704,
            0.8540646425073457,
            0.8617929562433297,
            0.8580060422960725,
            0.6893595562279374
          ]
        ],
        "avg_accuracy": 0.8182238356724312,
        "forgetting": 0.0006518212392551126,
        "training_time": 33.61482810974121,
        "flops": 201109089280
      },
      {
        "accuracy_matrix": [
          [
            0.9929078014184397,
            0.0,
            0.0,
            0.0,
            0.0
          ],
          [
            0.9929078014184397,
            0.5430950048971597,
            0.0,
            0.0,
            0.0
          ],
          [
            0.9929078014184397,
            0.5430950048971597,
            0.5875133404482391,
            0.0,
            0.0
          ],
          [
            0.9929078014184397,
            0.5430950048971597,
            0.5875133404482391,
            0.6686807653575025,
            0.0
          ],
          [
            0.9929078014184397,
            0.5430950048971597,
            0.5875133404482391,
            0.6686807653575025,
            0.6096822995461422
          ]
        ],
        "avg_accuracy": 0.6803758423334967,
        "forgetting": 0.0,
        "training_time": 33.590699434280396,
        "flops": 201109089280
      },
      {
        "accuracy_matrix": [
          [
            0.808983451536643,
            0.0,
            0.0,
            0.0,
            0.0
          ],
          [
            0.8094562647754137,
            0.8266405484818805,
            0.0,
            0.0,
            0.0
          ],
          [
            0.8099290780141843,
            0.8266405484818805,
            0.8810032017075774,
            0.0,
            0.0
          ],
          [
            0.8080378250591016,
            0.8246816846229187,
            0.8831376734258272,
            0.8967774420946626,
            0.0
          ],
          [
            0.808983451536643,
            0.8266405484818805,
            0.8820704375667022,
            0.8967774420946626,
            0.7977811396873424
          ]
        ],
        "avg_accuracy": 0.8424506038734461,
        "forgetting": 0.0,
        "training_time": 32.67411136627197,
        "flops": 201109089280
      },
      {
        "accuracy_matrix": [
          [
            0.9929078014184397,
            0.0,
            0.0,
            0.0,
            0.0
          ],
          [
            0.9929078014184397,
            0.47600391772771794,
            0.0,
            0.0,
            0.0
          ],
          [
            0.9929078014184397,
            0.47600391772771794,
            0.7283884738527214,
            0.0,
            0.0
          ],
          [
            0.9929078014184397,
            0.47600391772771794,
            0.7283884738527214,
            0.6646525679758308,
            0.0
          ],
          [
            0.9929078014184397,
            0.47600391772771794,
            0.7283884738527214,
            0.6646525679758308,
            0.5113464447806354
          ]
        ],
        "avg_accuracy": 0.674659841151069,
        "forgetting": 0.0,
        "training_time": 33.19727683067322,
        "flops": 201109089280
      }
    ]
  },
  "sgd": {
    "condition_name": "sgd",
    "config": {
      "random_win": false,
      "freeze_win_after_task0": true,
      "coherence_acceptance_threshold": 0.95,
      "learning_rule": "sgd",
      "sgd_lr": 0.01,
      "plasticity_rate": 0.5
    },
    "n_trials": 5,
    "avg_accuracy": {
      "mean": 0.8920915263613078,
      "std": 0.0027361893837364927,
      "values": [
        0.8927957069950562,
        0.887209829743726,
        0.8934965698660889,
        0.8915686554255517,
        0.8953868697761159
      ]
    },
    "forgetting": {
      "mean": 0.0007922216160538232,
      "std": 0.0004924464406410104,
      "values": [
        0.0016210994693350023,
        0.00037419132753957474,
        0.00023640661938534313,
        0.0007396222035518929,
        0.0009897884604573026
      ]
    },
    "training_time": {
      "mean": 25.658321046829222,
      "std": 0.49439576658647993
    },
    "flops": {
      "mean": 196245729280.0,
      "std": 0.0
    },
    "trial_results": [
      {
        "accuracy_matrix": [
          [
            0.9555555555555556,
            0.0,
            0.0,
            0.0,
            0.0
          ],
          [
            0.948936170212766,
            0.8442703232125367,
            0.0,
            0.0,
            0.0
          ],
          [
            0.9560283687943263,
            0.846718903036239,
            0.8596584845250801,
            0.0,
            0.0
          ],
          [
            0.9541371158392435,
            0.8476983349657199,
            0.8665955176093917,
            0.9340382678751259,
            0.0
          ],
          [
            0.9546099290780142,
            0.8486777668952008,
            0.8617929562433297,
            0.9284994964753273,
            0.8703983862834089
          ]
        ],
        "avg_accuracy": 0.8927957069950562,
        "forgetting": 0.0016210994693350023,
        "training_time": 25.638890981674194,