{
  "autopoietic": {
    "avg_accuracy": {
      "mean": 0.519250305633882,
      "std": 0.0,
      "values": [
        0.519250305633882
      ]
    },
    "forgetting": {
      "mean": 0.0013265215096927019,
      "std": 0.0,
      "values": [
        0.0013265215096927019
      ]
    },
    "time": {
      "mean": 15.365895986557007,
      "std": 0.0
    },
    "flops": {
      "mean": 68658578780.0,
      "std": 0.0
    },
    "accuracy_matrices": [
      [
        [
          0.5442080378250591,
          0.0,
          0.0,
          0.0,
          0.0
        ],
        [
          0.5517730496453901,
          0.5093046033300686,
          0.0,
          0.0,
          0.0
        ],
        [
          0.5385342789598109,
          0.5205680705190989,
          0.5245464247598719,
          0.0,
          0.0
        ],
        [
          0.5342789598108747,
          0.5132223310479922,
          0.5058697972251868,
          0.49798590130916415,
          0.0
        ],
        [
          0.5484633569739953,
          0.515181194906954,
          0.5197438633938101,
          0.49748237663645517,
          0.5153807362581947
        ]
      ]
    ]
  },
  "finetuning": {
    "avg_accuracy": {
      "mean": 0.9907535076141357,
      "std": 0.0,
      "values": [
        0.9907535076141357
      ]
    },
    "forgetting": {
      "mean": 0.00429883599281311,
      "std": 0.0,
      "values": [
        0.00429883599281311
      ]
    },
    "time": {
      "mean": 1.2256221771240234,
      "std": 0.0
    },
    "flops": {
      "mean": 34855567360.0,
      "std": 0.0
    },
    "accuracy_matrices": [
      [
        [
          0.9990543723106384,
          0.0,
          0.0,
          0.0,
          0.0
        ],
        [
          0.9990543723106384,
          0.990205705165863,
          0.0,
          0.0,
          0.0
        ],
        [
          0.9990543723106384,
          0.9755141735076904,
          0.9967982769012451,
          0.0,
          0.0
        ],
        [
          0.9990543723106384,
          0.9755141735076904,
          0.9967982769012451,
          0.9974823594093323,
          0.0
        ],
        [
          0.9990543723106384,
          0.9750244617462158,
          0.9973319172859192,
          0.995468258857727,
          0.9868885278701782
        ]
      ]
    ]
  },
  "ewc": {
    "avg_accuracy": {
      "mean": 0.991876769065857,
      "std": 0.0,
      "values": [
        0.991876769065857
      ]
    },
    "forgetting": {
      "mean": 0.0011630207300186157,
      "std": 0.0,
      "values": [
        0.0011630207300186157
      ]
    },
    "time": {
      "mean": 4.72000527381897,
      "std": 0.0
    },
    "flops": {
      "mean": 46273346240.0,
      "std": 0.0
    },
    "accuracy_matrices": [
      [
        [
          0.9990543723106384,
          0.0,
          0.0,
          0.0,
          0.0
        ],
        [
          0.99858158826828,
          0.986777663230896,
          0.0,
          0.0,
          0.0
        ],
        [
          0.9990543723106384,
          0.9877570867538452,
          0.9983991384506226,
          0.0,
          0.0
        ],
        [
          0.9990543723106384,
          0.986777663230896,
          0.9973319172859192,
          0.996475338935852,
          0.0
        ],
        [
          0.9990543723106384,
          0.9877570867538452,
          0.9962646961212158,
          0.9939576983451843,
          0.9823499917984009
        ]
      ]
    ]
  },
  "replay": {
    "avg_accuracy": {
      "mean": 0.9920923590660096,
      "std": 0.0,
      "values": [
        0.9920923590660096
      ]
    },
    "forgetting": {
      "mean": 0.0029848963022232056,
      "std": 0.0,
      "values": [
        0.0029848963022232056
      ]
    },
    "time": {
      "mean": 2.9301435947418213,
      "std": 0.0
    },
    "flops": {
      "mean": 76225291264.0,
      "std": 0.0
    },
    "accuracy_matrices": [
      [
        [
          0.9995272159576416,
          0.0,
          0.0,
          0.0,
          0.0
        ],
        [
          0.9995272159576416,
          0.9916748404502869,
          0.0,
          0.0,
          0.0
        ],
        [
          0.9995272159576416,
          0.9838393926620483,
          0.9973319172859192,
          0.0,
          0.0
        ],
        [
          0.9990543723106384,
          0.9789422154426575,
          0.9962646961212158,
          0.9969788789749146,
          0.0
        ],
        [
          0.9990543723106384,
          0.9833496809005737,
          0.9951974153518677,
          0.9959717988967896,
          0.9868885278701782
        ]
      ]
    ]
  }
}