{
  "autopoietic": {
    "avg_accuracy": {
      "mean": 0.7575206575731886,
      "std": 0.05749225627157427,
      "values": [
        0.6762144250717749,
        0.7980655420628229,
        0.7982820055849679
      ]
    },
    "forgetting": {
      "mean": 0.00025928565056785685,
      "std": 0.00018357403051719485,
      "values": [
        0.0,
        0.0004002134471718377,
        0.0003776435045317328
      ]
    },
    "time": {
      "mean": 20.112855513890583,
      "std": 0.688230260144009
    },
    "flops": {
      "mean": 120861025280.0,
      "std": 0.0
    },
    "accuracy_matrices": [
      [
        [
          0.9938534278959811,
          0.0,
          0.0,
          0.0,
          0.0
        ],
        [
          0.9938534278959811,
          0.47257590597453475,
          0.0,
          0.0,
          0.0
        ],
        [
          0.9938534278959811,
          0.47257590597453475,
          0.7406616862326574,
          0.0,
          0.0
        ],
        [
          0.9938534278959811,
          0.47257590597453475,
          0.7406616862326574,
          0.6651560926485398,
          0.0
        ],
        [
          0.9938534278959811,
          0.47257590597453475,
          0.7406616862326574,
          0.6651560926485398,
          0.5088250126071608
        ]
      ],
      [
        [
          0.75177304964539,
          0.0,
          0.0,
          0.0,
          0.0
        ],
        [
          0.7527186761229314,
          0.8428011753183153,
          0.0,
          0.0,
          0.0
        ],
        [
          0.7527186761229314,
          0.8442703232125367,
          0.8425827107790822,
          0.0,
          0.0
        ],
        [
          0.7508274231678487,
          0.8452497551420176,
          0.8441835645677694,
          0.9038267875125882,
          0.0
        ],
        [
          0.75177304964539,
          0.8457394711067581,
          0.8409818569903948,
          0.904833836858006,
          0.6469994957135653
        ]
      ],
      [
        [
          0.8723404255319149,
          0.0,
          0.0,
          0.0,
          0.0
        ],
        [
          0.8723404255319149,
          0.8310479921645446,
          0.0,
          0.0,
          0.0
        ],
        [
          0.8723404255319149,
          0.8305582761998042,
          0.7273212379935966,
          0.0,
          0.0
        ],
        [
          0.8709219858156029,
          0.8310479921645446,
          0.7294557097118464,
          0.8962739174219537,
          0.0
        ],
        [
          0.8723404255319149,
          0.8325171400587659,
          0.7331910352187834,
          0.8947633434038268,
          0.6585980837115482
        ]
      ]
    ]
  },
  "finetuning": {
    "avg_accuracy": {
      "mean": 0.9904429237047832,
      "std": 0.001136934677563697,
      "values": [
        0.9920186638832093,
        0.9893780827522278,
        0.9899320244789124
      ]
    },
    "forgetting": {
      "mean": 0.005952457586924235,
      "std": 0.0006943427100334989,
      "values": [
        0.004971981048583984,
        0.00639614462852478,
        0.00648924708366394
      ]
    },
    "time": {
      "mean": 2.2099839051564536,
      "std": 0.032328427153531805
    },
    "flops": {
      "mean": 51352207360.0,
      "std": 0.0
    },
    "accuracy_matrices": [
      [
        [
          0.9990543723106384,
          0.0,
          0.0,
          0.0,
          0.0
        ],
        [
          0.9995272159576416,
          0.9931439757347107,
          0.0,
          0.0,
          0.0
        ],
        [
          0.9995272159576416,
          0.9818804860115051,
          0.9978655576705933,
          0.0,
          0.0
        ],
        [
          0.9990543723106384,
          0.9720861911773682,
          0.9967982769012451,
          0.9979858994483948,
          0.0
        ],
        [
          0.99858158826828,
          0.9799216389656067,
          0.9951974153518677,
          0.9944612383842468,
          0.9919314384460449
        ]
      ],
      [
        [
          0.9995272159576416,
          0.0,
          0.0,
          0.0,
          0.0
        ],
        [
          0.9995272159576416,
          0.989226222038269,
          0.0,
          0.0,
          0.0
        ],
        [
          0.9995272159576416,
          0.9725759029388428,
          0.9973319172859192,
          0.0,
          0.0
        ],
        [
          0.9990543723106384,
          0.9764936566352844,
          0.9967982769012451,
          0.996475338935852,
          0.0
        ],
        [
          0.9990543723106384,
          0.9730656147003174,
          0.9903948903083801,
          0.9944612383842468,
          0.9899142980575562
        ]
      ],
      [
        [
          0.9990543723106384,
          0.0,
          0.0,
          0.0,
          0.0
        ],
        [
          0.9990543723106384,
          0.989226222038269,
          0.0,
          0.0,
          0.0
        ],
        [
          0.9990543723106384,
          0.9813907742500305,
          0.9989327788352966,
          0.0,
          0.0
        ],
        [
          0.9990543723106384,
          0.973555326461792,
          0.9989327788352966,
          0.9984894394874573,
          0.0
        ],
        [
          0.9990543723106384,
          0.9715964794158936,
          0.9941301941871643,
          0.9949647784233093,
          0.9899142980575562
        ]
      ]
    ]
  },
  "ewc": {
    "avg_accuracy": {
      "mean": 0.9927563309669495,
      "std": 0.0005460643183842967,
      "values": [
        0.9926692128181458,
        0.9921353697776795,
        0.9934644103050232
      ]
    },
    "forgetting": {
      "mean": 0.0006394336620966593,
      "std": 0.00010898043901741283,
      "values": [
        0.0005035251379013062,
        0.0006444454193115234,
        0.0007703304290771484
      ]
    },
    "time": {
      "mean": 8.140048185984293,
      "std": 0.1607850506926897
    },
    "flops": {
      "mean": 68361566240.0,
      "std": 0.0
    },