{
  "autopoietic": {
    "avg_accuracy": {
      "mean": 0.7012963446251878,
      "std": 0.017390800315653484,
      "values": [
        0.710660977682925,
        0.6769191648269575,
        0.7163088913656808
      ]
    },
    "forgetting": {
      "mean": 0.00792975586454095,
      "std": 0.010446501083260487,
      "values": [
        0.00011820330969267157,
        0.022695035460992913,
        0.0009760288229372638
      ]
    },
    "time": {
      "mean": 33.43376016616821,
      "std": 1.0916001932001411
    },
    "flops": {
      "mean": 131767009280.0,
      "std": 0.0
    },
    "accuracy_matrices": [
      [
        [
          0.9943262411347518,
          0.0,
          0.0,
          0.0,
          0.0
        ],
        [
          0.9933806146572104,
          0.6327130264446621,
          0.0,
          0.0,
          0.0
        ],
        [
          0.9933806146572104,
          0.6327130264446621,
          0.7038420490928495,
          0.0,
          0.0
        ],
        [
          0.9938534278959811,
          0.633692458374143,
          0.7054429028815368,
          0.6797583081570997,
          0.0
        ],
        [
          0.9938534278959811,
          0.6415279138099902,
          0.7182497331910352,
          0.6822759315206445,
          0.5173978819969742
        ]
      ],
      [
        [
          0.8349881796690307,
          0.0,
          0.0,
          0.0,
          0.0
        ],
        [
          0.7380614657210401,
          0.8589618021547503,
          0.0,
          0.0,
          0.0
        ],
        [
          0.7437352245862884,
          0.8599412340842312,
          0.676093916755603,
          0.0,
          0.0
        ],
        [
          0.7442080378250591,
          0.8599412340842312,
          0.6766275346851655,
          0.3756294058408862,
          0.0
        ],
        [
          0.7442080378250591,
          0.8599412340842312,
          0.6766275346851655,
          0.3756294058408862,
          0.7281896116994453
        ]
      ],
      [
        [
          0.9891252955082742,
          0.0,
          0.0,
          0.0,
          0.0
        ],
        [
          0.9862884160756501,
          0.6214495592556317,
          0.0,
          0.0,
          0.0
        ],
        [
          0.9862884160756501,
          0.6219392752203722,
          0.7182497331910352,
          0.0,
          0.0
        ],
        [
          0.9867612293144208,
          0.6273261508325172,
          0.7161152614727855,
          0.6324269889224572,
          0.0
        ],
        [
          0.9862884160756501,
          0.6248775710088149,
          0.7171824973319103,
          0.6374622356495468,
          0.6157337367624811
        ]
      ]
    ]
  },
  "finetuning": {
    "avg_accuracy": {
      "mean": 0.9904429237047832,
      "std": 0.001136934677563697,
      "values": [
        0.9920186638832093,
        0.9893780827522278,
        0.9899320244789124
      ]
    },
    "forgetting": {
      "mean": 0.005952457586924235,
      "std": 0.0006943427100334989,
      "values": [
        0.004971981048583984,
        0.00639614462852478,
        0.00648924708366394
      ]
    },
    "time": {
      "mean": 2.2804924647013345,
      "std": 0.04604379589869797
    },
    "flops": {
      "mean": 51352207360.0,
      "std": 0.0
    },
    "accuracy_matrices": [
      [
        [
          0.9990543723106384,
          0.0,
          0.0,
          0.0,
          0.0
        ],
        [
          0.9995272159576416,
          0.9931439757347107,
          0.0,
          0.0,
          0.0
        ],
        [
          0.9995272159576416,
          0.9818804860115051,
          0.9978655576705933,
          0.0,
          0.0
        ],
        [
          0.9990543723106384,
          0.9720861911773682,
          0.9967982769012451,
          0.9979858994483948,
          0.0
        ],
        [
          0.99858158826828,
          0.9799216389656067,
          0.9951974153518677,
          0.9944612383842468,
          0.9919314384460449
        ]
      ],
      [
        [
          0.9995272159576416,
          0.0,
          0.0,
          0.0,
          0.0
        ],
        [
          0.9995272159576416,
          0.989226222038269,
          0.0,
          0.0,
          0.0
        ],
        [
          0.9995272159576416,
          0.9725759029388428,
          0.9973319172859192,
          0.0,
          0.0
        ],
        [
          0.9990543723106384,
          0.9764936566352844,
          0.9967982769012451,
          0.996475338935852,
          0.0
        ],
        [
          0.9990543723106384,
          0.9730656147003174,
          0.9903948903083801,
          0.9944612383842468,
          0.9899142980575562
        ]
      ],
      [
        [
          0.9990543723106384,
          0.0,
          0.0,
          0.0,
          0.0
        ],
        [
          0.9990543723106384,
          0.989226222038269,
          0.0,
          0.0,
          0.0
        ],
        [
          0.9990543723106384,
          0.9813907742500305,
          0.9989327788352966,
          0.0,
          0.0
        ],
        [
          0.9990543723106384,
          0.973555326461792,
          0.9989327788352966,
          0.9984894394874573,
          0.0
        ],
        [
          0.9990543723106384,
          0.9715964794158936,
          0.9941301941871643,
          0.9949647784233093,
          0.9899142980575562
        ]
      ]
    ]
  },
  "ewc": {
    "avg_accuracy": {
      "mean": 0.9927563309669495,
      "std": 0.0005460643183842967,
      "values": [
        0.9926692128181458,
        0.9921353697776795,
        0.9934644103050232
      ]
    },
    "forgetting": {
      "mean": 0.0006394336620966593,
      "std": 0.00010898043901741283,
      "values": [
        0.0005035251379013062,
        0.0006444454193115234,
        0.0007703304290771484
      ]
    },
    "time": {
      "mean": 8.45487904548645,
      "std": 0.059468310599281655
    },
    "flops": {
      "mean": 68361566240.0,
      "std": 0.0
    },